title,release_year,genre,director,language,country,duration,budget,box_office
Avatar: The Way of Water,2022,"Action, Adventure, Sci-Fi",James Cameron,English,USA,192,460000000,2320000000
Spider-Man: No Way Home,2021,"Action, Adventure, Superhero",Jon Watts,English,USA,148,200000000,1910000000
Barbie,2023,"Comedy, Fantasy",Greta Gerwig,English,USA,114,145000000,1440000000
Top Gun: Maverick,2022,"Action, Drama",Joseph Kosinski,English,USA,130,170000000,1490000000
The Super Mario Bros. Movie,2023,"Animation, Adventure","Aaron Horvath, Michael Jelenic",English,USA,92,100000000,1360000000
Frozen II,2019,"Animation, Fantasy","Chris Buck, Jennifer Lee",English,USA,103,150000000,1450000000
Minions: The Rise of Gru,2022,"Animation, Comedy",Kyle Balda,English,USA,87,80000000,939000000
Demon Slayer: Kimetsu no Yaiba - The Movie: Mugen Train,2020,"Animation, Action",Haruo Sotozaki,Japanese,Japan,117,15000000,507000000
The Batman,2022,"Action, Crime, Drama",Matt Reeves,English,USA,176,185000000,770000000
Puss in Boots: The Last Wish,2022,"Animation, Adventure",Joel Crawford,English,USA,102,90000000,484000000
The Last Duel,2021,"Drama, History",Ridley Scott,English,USA,153,100000000,30000000
Chaos Walking,2021,"Sci-Fi, Adventure",Doug Liman,English,USA,109,100000000,27000000
Amsterdam,2022,"Comedy, Drama",David O. Russell,English,USA,134,80000000,31000000
Moonfall,2022,"Sci-Fi, Action",Roland Emmerich,English,USA,130,150000000,67000000
Lightyear,2022,"Animation, Adventure",Angus MacLane,English,USA,105,200000000,226000000
West Side Story,2021,"Drama, Musical",Steven Spielberg,English,USA,156,100000000,76000000
Dolittle,2020,"Fantasy, Adventure",Stephen Gaghan,English,USA,101,175000000,251000000
King's Man: The Secret Service,2021,"Action, Comedy",Matthew Vaughn,English,USA,131,100000000,126000000
Wonder Woman 1984,2020,"Action, Adventure",Patty Jenkins,English,USA,151,200000000,166000000
The 355,2022,"Action, Thriller",Simon Kinberg,English,USA,124,75000000,27000000
Tenet,2020,"Action, Sci-Fi",Christopher Nolan,English,USA,150,200000000,365000000
Dune,2021,"Sci-Fi, Adventure",Denis Villeneuve,English,USA,155,165000000,402000000
Soul,2020,"Animation, Comedy",Pete Docter,English,USA,100,150000000,120000000
No Time to Die,2021,"Action, Spy",Cary Joji Fukunaga,English,UK,163,250000000,774000000
Encanto,2021,"Animation, Musical","Jared Bush, Byron Howard",English,USA,99,120000000,256000000
Black Widow,2021,"Action, Adventure",Cate Shortland,English,USA,134,200000000,379000000
Shang-Chi and the Legend of the Ten Rings,2021,"Action, Adventure",Destin Daniel Cretton,English,USA,132,150000000,432000000
Eternals,2021,"Action, Adventure",Chloé Zhao,English,USA,156,200000000,402000000
The King's Man,2021,"Action, Adventure",Matthew Vaughn,English,UK,131,100000000,126000000
The French Dispatch,2021,"Comedy, Drama",Wes Anderson,English,USA,107,25000000,46000000
The Invisible Man,2020,"Horor, Mistery, Sci-Fi",Leigh Whannell,English,USA,124,7000000,143000000
Palm Springs,2020,"Comedy, Fantasy, Mistery",Max Barbakow,English,USA,90,5000000,1500000
Nomadland,2020,Drama,Chloé Zhao,English,USA,107,5000000,39000000
Minari,2020,Drama,Lee Isaac Chung,"English, Korean",USA,115,2000000,15000000
Promising Young Woman,2020,"Crime, Drama, Thriller",Emerald Fennell,English,"UK, USA",113,10000000,16000000
Judas and the Black Messiah,2021,"Biography, Drama, History",Shaka King,English,USA,126,26000000,7000000
The Father,2020,Drama,Florian Zeller,English,"UK, France",97,6000000,28000000
Another Round,2020,"Comedy, Drama",Thomas Vinterberg,Danish,Denmark,117,5000000,4400000
The Green Knight,2021,"Adventure, Drama, Fantasy",David Lowery,English,USA,130,15000000,18900000
Licorice Pizza,2021,"Comedy, Drama, Romance",Paul Thomas Anderson,English,USA,133,40000000,33300000
Belfast,2021,"Biography, Drama",Kenneth Branagh,English,UK,98,25000000,49000000
King Richard,2021,"Biography, Drama, Sport",Reinaldo Marcus Green,English,USA,144,50000000,38400000
Nightmare Alley,2021,"Crime, Drama, Thriller",Guillermo del Toro,English,USA,150,60000000,39600000
The Northman,2022,"Action, Adventure, Drama",Robert Eggers,English,USA,137,70000000,69600000
Everything Everywhere All at Once,2022,"Action, Adventure, Comedy","Daniel Kwan, Daniel Scheinert",English,USA,139,25000000,103000000
Elvis,2022,"Biography, Drama, Musical",Baz Luhrmann,English,USA,159,85000000,286000000
Nope,2022,"Horor, Mistery, Sci-Fi",Jordan Peele,English,USA,130,68000000,171000000
The Whale,2022,Drama,Darren Aronofsky,English,USA,117,3000000,54000000
Tï¿½r,2022,"Drama, Musical",Todd Field,English,USA,158,35000000,6200000
Aftersun,2022,Drama,Charlotte Wells,English,UK,102,4000000,9000000
Triangle of USAness,2022,"Comedy, Drama",Ruben Östlund,English,Sweden,147,15600000,24000000
Decision to Leave,2022,"Crime, Drama, Mistery",Park Chan-wook,Korean,South Korea,138,10000000,19000000
The Banshees of Inisherin,2022,"Comedy, Drama",Martin McDonagh,English,Ireland,114,20000000,49000000
Avengers: Endgame,2019,"Action, Adventure, Sci-Fi",Anthony i Joe Russo,English,USA,181,356000000,2798000000
Star Wars: The Force Awakens,2015,"Action, Adventure, Fantasy",J.J. Abrams,English,USA,138,245000000,2068000000
Avengers: Infinity War,2018,"Action, Adventure, Sci-Fi",Anthony i Joe Russo,English,USA,149,325000000,2048000000
Jurassic World,2015,"Action, Adventure, Sci-Fi",Colin Trevorrow,English,USA,124,150000000,1671000000
The Lion King,2019,"Animation, Adventure, Drama",Jon Favreau,English,USA,118,260000000,1662000000
The Fate of the Furious,2017,"Action, Adventure, Crime",F. Gary Gray,English,USA,136,250000000,1236000000
Incredibles 2,2018,"Animation, Action, Adventure",Brad Bird,English,USA,118,200000000,1243000000
Beauty and the Beast,2017,"Family, Fantasy, Musical",Bill Condon,English,USA,129,160000000,1263000000
Black Panther,2018,"Action, Adventure, Sci-Fi",Ryan Coogler,English,USA,134,200000000,1347000000
Mars Needs Moms,2011,"Animation, Adventure, Comedy",Simon Wells,English,USA,88,150000000,39000000
The Lone Ranger,2013,"Action, Adventure, Western",Gore Verbinski,English,USA,150,225000000,260500000
John Carter,2012,"Action, Adventure, Sci-Fi",Andrew Stanton,English,USA,132,263700000,284100000
47 Ronin,2013,"Action, Drama, Fantasy",Carl Rinsch,English,USA,128,175000000,151800000
King Arthur: Legend of the Sword,2017,"Action, Adventure, Drama",Guy Ritchie,English,USA,126,175000000,148700000
Mortal Engines,2018,"Action, Adventure, Fantasy",Christian Rivers,English,USA,128,100000000,83700000
Pan,2015,"Adventure, Comedy, Family",Joe Wright,English,USA,111,150000000,128400000
Ben-Hur,2016,"Action, Adventure, Drama",Timur Bekmambetov,English,USA,123,100000000,94100000
Jupiter Ascending,2015,"Action, Adventure, Sci-Fi","Lana Wachowski, Lilly Wachowski",English,USA,127,176000000,183900000
The Promise,2016,"Drama, History",Terry George,English,USA,133,90000000,12400000
The Social Network,2010,"Biography, Drama",David Fincher,English,USA,120,40000000,224920315
Inception,2010,"Action, Adventure, Sci-Fi",Christopher Nolan,English,USA,148,160000000,836800000
The Grand Budapest Hotel,2014,"Adventure, Comedy, Crime",Wes Anderson,English,USA,99,25000000,172900000
Mad Max: Fury Road,2015,"Action, Adventure, Sci-Fi",George Miller,English,Australia,120,150000000,375200000
La La Land,2016,"Comedy, Drama, Music",Damien Chazelle,English,USA,128,30000000,448900000
Get Out,2017,"Horror, Mystery, Thriller",Jordan Peele,English,USA,104,4500000,255400000
Parasite,2019,"Comedy, Drama, Thriller",Bong Joon Ho,Korean,South Korea,132,11400000,263100000
The Shape of Water,2017,"Drama, Fantasy, Romance",Guillermo del Toro,English,USA,123,19500000,195200000
Joker,2019,"Crime, Drama, Thriller",Todd Phillips,English,USA,122,55000000,1074000000
The King's Speech,2010,"Biography, Drama, History",Tom Hooper,English,UK,118,15000000,427374317
Drive,2011,"Action, Crime, Drama",Nicolas Winding Refn,English,USA,100,15000000,81400000
The Intouchables,2011,"Biography, Comedy, Drama","Olivier Nakache, Éric Toledano",French,France,112,10800000,426600000
Life of Pi,2012,"Adventure, Drama, Fantasy",Ang Lee,English,USA,127,120000000,609000000
Her,2013,"Drama, Romance, Sci-Fi",Spike Jonze,English,USA,126,23000000,48300000
Boyhood,2014,Drama,Richard Linklater,English,USA,165,4000000,57300000
Spotlight,2015,"Biography, Crime, Drama",Tom McCarthy,English,USA,129,20000000,98700000
Moonlight,2016,Drama,Barry Jenkins,English,USA,111,4000000,65300000
Lady Bird,2017,"Comedy, Drama",Greta Gerwig,English,USA,94,10000000,79000000
The Revenant,2015,"Action, Adventure, Drama",Alejandro González Iñárritu,English,USA,156,135000000,533000000
Whiplash,2014,"Drama, Music",Damien Chazelle,English,USA,106,3300000,49000000
The Wolf of Wall Street,2013,"Biography, Crime, Drama",Martin Scorsese,English,USA,180,100000000,392000000
Django Unchained,2012,"Drama, Western",Quentin Tarantino,English,USA,165,100000000,425000000
The Artist,2011,"Comedy, Drama, Romance",Michel Hazanavicius,Silent,France,100,15000000,133000000
Gravity,2013,"Drama, Sci-Fi, Thriller",Alfonso Cuarï¿½n,English,USA,91,100000000,723000000
Birdman,2014,"Comedy, Drama",Alejandro González Iñárritu,English,USA,119,18000000,103000000
12 Years a Slave,2013,"Biography, Drama, History",Steve McQueen,English,USA,134,20000000,187000000
The Martian,2015,"Adventure, Drama, Sci-Fi",Ridley Scott,English,USA,144,108000000,630200000
Inside Out,2015,"Animation, Adventure, Comedy","Pete Docter, Ronnie del Carmen",English,USA,95,175000000,857600000
The Imitation Game,2014,"Biography, Drama, Thriller",Morten Tyldum,English,UK,113,14000000,233600000
The Big Short,2015,"Biography, Comedy, Drama",Adam McKay,English,USA,130,50000000,133400000
Room,2015,"Drama, Thriller",Lenny Abrahamson,English,Canada,118,13000000,36300000
Argo,2012,"Biography, Drama, Thriller",Ben Affleck,English,USA,120,44500000,232300000
Slumdog Millionaire,2008,"Drama, Romance",Danny Boyle,English,UK,120,15000000,378100000
The Help,2011,Drama,Tate Taylor,English,USA,146,25000000,216600000
Silver Linings Playbook,2012,"Comedy, Drama, Romance",David O. Russell,English,USA,122,21000000,236400000
Dallas Buyers Club,2013,"Biography, Drama",Jean-Marc Vallée,English,USA,117,5000000,55200000
The Theory of Everything,2014,"Biography, Drama, Romance",James Marsh,English,UK,123,15000000,123700000
Bridge of Spies,2015,"Drama, History, Thriller",Steven Spielberg,English,USA,142,40000000,165500000
Hereditary,2018,"Drama, Horror, Mystery",Ari Aster,English,USA,127,10000000,80200000
Blade Runner 2049,2017,"Action, Drama, Sci-Fi",Denis Villeneuve,English,USA,164,150000000,259300000
The Favourite,2018,"Biography, Comedy, Drama",Yorgos Lanthimos,English,UK,119,15000000,95900000
"Three Billboards Outside Ebbing, Missouri",2017,"Comedy, Crime, Drama",Martin McDonagh,English,USA,115,12000000,160200000
Arrival,2016,"Drama, Mystery, Sci-Fi",Denis Villeneuve,English,USA,116,47000000,203400000
Avatar,2009,"Action, Adventure, Sci-Fi",James Cameron,English,USA,162,237000000,2847246203
The Lord of the Rings: The Return of the King,2003,"Adventure, Drama, Fantasy",Peter Jackson,English,New Zealand,201,94000000,1146457748
Pirates of the Caribbean: Dead Man's Chest,2006,"Action, Adventure, Fantasy",Gore Verbinski,English,USA,151,225000000,1066179725
The Dark Knight,2008,"Action, Crime, Drama",Christopher Nolan,English,USA,152,185000000,1005973645
Harry Potter and the Sorcerer's Stone,2001,"Adventure, Family, Fantasy",Chris Columbus,English,UK,152,125000000,974755371
Pirates of the Caribbean: At World's End,2007,"Action, Adventure, Fantasy",Gore Verbinski,English,USA,169,300000000,960996492
Harry Potter and the Order of the Phoenix,2007,"Action, Adventure, Family",David Yates,English,UK,138,150000000,942043935
Harry Potter and the Half-Blood Prince,2009,"Action, Adventure, Family",David Yates,English,UK,153,250000000,934504393
The Lord of the Rings: The Two Towers,2002,"Adventure, Drama, Fantasy",Peter Jackson,English,New Zealand,179,94000000,947495095
Shrek 2,2004,"Animation, Adventure, Comedy","Andrew Adamson, Kelly Asbury, Conrad Vernon",English,USA,93,150000000,935253978
Battlefield Earth,2000,"Action, Sci-Fi",Roger Christian,English,USA,118,73000000,29725663
The Adventures of Pluto Nash,2002,"Action, Comedy, Sci-Fi",Ron Underwood,English,USA,95,100000000,7103973
Gigli,2003,"Comedy, Crime, Romance",Martin Brest,English,USA,121,54000000,7266209
Stealth,2005,"Action, Adventure, Sci-Fi",Rob Cohen,English,USA,121,135000000,76932872
Sahara,2005,"Action, Adventure, Comedy",Breck Eisner,English,USA,124,160000000,119269486
The Alamo,2004,"Drama, History, War",John Lee Hancock,English,USA,137,107000000,25819961
The Invasion,2007,"Sci-Fi, Thriller",Oliver Hirschbiegel,English,USA,99,80000000,40170567
The Spirit,2008,"Action, Crime, Fantasy",Frank Miller,English,USA,103,60000000,39031337
The Adventures of Rocky & Bullwinkle,2000,"Animation, Adventure, Comedy",Des McAnuff,English,USA,92,76000000,35134820
Cutthroat Island,1995,"Action, Adventure, Comedy",Renny Harlin,English,USA,124,98000000,10017322
Memento,2000,"Mystery, Thriller",Christopher Nolan,English,USA,113,9000000,39700000
Amélie,2001,"Comedy, Romance",Jean-Pierre Jeunet,French,France,122,10000000,174200000
City of God,2002,"Crime, Drama","Fernando Meirelles, Kátia Lund",Portuguese,Brazil,130,3300000,30600000
Lost in Translation,2003,"Comedy, Drama",Sofia Coppola,English,USA,102,4000000,118700000
Eternal Sunshine of the Spotless Mind,2004,"Drama, Romance, Sci-Fi",Michel Gondry,English,USA,108,20000000,74000000
Batman Begins,2005,"Action, Crime, Drama",Christopher Nolan,English,USA,140,150000000,373400000
Pan's Labyrinth,2006,"Drama, Fantasy, War",Guillermo del Toro,Spanish,Mexico,118,19000000,83900000
No Country for Old Men,2007,"Crime, Drama, Thriller","Ethan Coen, Joel Coen",English,USA,122,25000000,171600000
District 9,2009,"Action, Sci-Fi, Thriller",Neill Blomkamp,English,South Africa,112,30000000,210800000
Gladiator,2000,"Action, Adventure, Drama",Ridley Scott,English,USA,155,103000000,460500000
Requiem for a Dream,2000,Drama,Darren Aronofsky,English,USA,102,4500000,7400000
Donnie Darko,2001,"Drama, Mystery, Sci-Fi",Richard Kelly,English,USA,113,4500000,7500000
The Pianist,2002,"Biography, Drama, Music",Roman Polanski,English,France,150,35000000,120100000
Oldboy,2003,"Action, Drama, Mystery",Park Chan-wook,Korean,South Korea,120,3000000,15000000
Shaun of the Dead,2004,"Comedy, Horror",Edgar Wright,English,UK,99,6100000,30000000
Sin City,2005,"Crime, Thriller","Frank Miller, Robert Rodriguez, Quentin Tarantino",English,USA,124,40000000,158800000
Children of Men,2006,"Action, Drama, Sci-Fi",Alfonso Cuarón,English,UK,109,76000000,70500000
Into the Wild,2007,"Adventure, Biography, Drama",Sean Penn,English,USA,148,15000000,56800000
The Hurt Locker,2008,"Drama, Thriller, War",Kathryn Bigelow,English,USA,131,15000000,49200000
The Departed,2006,"Crime, Drama, Thriller",Martin Scorsese,English,USA,151,90000000,291500000
The Prestige,2006,"Drama, Mystery, Sci-Fi",Christopher Nolan,English,USA,130,40000000,109700000
The Lives of Others,2006,"Drama, Thriller",Florian Henckel von Donnersmarck,German,Germany,137,2000000,77300000
Little Miss Sunshine,2006,"Comedy, Drama","Jonathan Dayton, Valerie Faris",English,USA,101,8000000,100500000
There Will Be Blood,2007,Drama,Paul Thomas Anderson,English,USA,158,25000000,76200000
Inglourious Basterds,2009,"Adventure, Drama, War",Quentin Tarantino,English,USA,153,70000000,321500000
Up,2009,"Animation, Adventure, Comedy","Pete Docter, Bob Peterson",English,USA,96,175000000,735100000
Cidade de Deus (City of God),2002,"Krimi, Drama",Fernando Meirelles,Portuguese,Brazil,130,3300000,30600000
Let the Right One In,2008,"Drama, Horor, Romance",Tomas Alfredson,Sweden,Sweden,114,4500000,11227336
Moon,2009,"Drama, Misterija, Sci-Fi",Duncan Jones,English,UK,97,5000000,9760104
The Secret in Their Eyes,2009,"Drama, Misterija, Thriller",Juan José Campanella,Spanish,Argentina,129,2000000,34200000
The Diving Bell and the Butterfly,2007,"Biography, Drama",Julian Schnabel,French,France,112,12000000,19800000
A Prophet,2009,"Krimi, Drama",Jacques Audiard,French,France,155,13000000,17500000
The Host,2006,"Akcija, Drama, Horor",Bong Joon Ho,Korean,South Korea,120,11000000,89400000
The Orphanage,2007,"Drama, Horor, Misterija",J.A. Bayona,Spanish,Spain,105,4000000,78638987
The Descent,2005,"Adventure, Horor, Thriller",Neil Marshall,English,UK,99,3500000,57051053
In Bruges,2008,"Komedija, Krimi, Drama",Martin McDonagh,English,UK,107,15000000,34540215
The Fall,2006,"Adventure, Drama, Fantasy",Tarsem Singh,English,USA,117,30000000,3666957
The Assassination of Jesse James by the Coward Robert Ford,2007,"Biography, Krimi, Drama",Andrew Dominik,English,USA,160,30000000,15001776
Titanic,1997,"Drama, Romance",James Cameron,English,USA,195,200000000,2194439542
Jurassic Park,1993,"Action, Adventure, Sci-Fi",Steven Spielberg,English,USA,127,63000000,1046000000
Star Wars: Episode I - The Phantom Menace,1999,"Action, Adventure, Fantasy",George Lucas,English,USA,136,115000000,1027000000
Independence Day,1996,"Action, Adventure, Sci-Fi",Roland Emmerich,English,USA,145,75000000,817400000
The Sixth Sense,1999,"Drama, Mystery, Thriller",M. Night Shyamalan,English,USA,107,40000000,672800000
Armageddon,1998,"Action, Adventure, Sci-Fi",Michael Bay,English,USA,151,140000000,553700000
The Lost World: Jurassic Park,1997,"Action, Adventure, Sci-Fi",Steven Spielberg,English,USA,129,73000000,618600000
Men in Black,1997,"Action, Adventure, Comedy",Barry Sonnenfeld,English,USA,98,90000000,589400000
Forrest Gump,1994,"Drama, Romance",Robert Zemeckis,English,USA,142,55000000,678200000
The 13th Warrior,1999,"Action, Adventure, History",John McTiernan,English,USA,102,160000000,61698899
Hudson Hawk,1991,"Action, Adventure, Comedy",Michael Lehmann,English,USA,100,65000000,17218080
Waterworld,1995,"Action, Adventure, Sci-Fi",Kevin Reynolds,English,USA,135,175000000,264218220
The Postman,1997,"Action, Adventure, Drama",Kevin Costner,English,USA,177,80000000,17626234
Showgirls,1995,Drama,Paul Verhoeven,English,USA,128,45000000,37800000
The Scarlet Letter,1995,"Drama, Romance",Roland Joffé,English,USA,135,50000000,10382407
Town & Country,2001,"Comedy, Romance",Peter Chelsom,English,USA,104,90000000,10372291
The Matrix,1999,"Action, Sci-Fi","Lana Wachowski, Lilly Wachowski",English,USA,136,63000000,466300000
Schindler's List,1993,"Biography, Drama, History",Steven Spielberg,English,USA,195,22000000,322200000
Goodfellas,1990,"Biography, Crime, Drama",Martin Scorsese,English,USA,146,25000000,46800000
Fight Club,1999,Drama,David Fincher,English,USA,139,63000000,101200000
The Silence of the Lambs,1991,"Crime, Drama, Thriller",Jonathan Demme,English,USA,118,19000000,272700000
Pulp Fiction,1994,"Crime, Drama",Quentin Tarantino,English,USA,154,8000000,213900000
Saving Private Ryan,1998,"Drama, War",Steven Spielberg,English,USA,169,70000000,482300000
Braveheart,1995,"Biography, Drama, History",Mel Gibson,English,USA,178,72000000,213200000
Se7en,1995,"Crime, Drama, Mystery",David Fincher,English,USA,127,33000000,327300000
Terminator 2: Judgment Day,1991,"Action, Sci-Fi",James Cameron,English,USA,137,102000000,520900000
The Green Mile,1999,"Crime, Drama, Fantasy",Frank Darabont,English,USA,189,60000000,286800000
American Beauty,1999,Drama,Sam Mendes,English,USA,122,15000000,356300000
Toy Story,1995,"Animation, Adventure, Comedy",John Lasseter,English,USA,81,30000000,373600000
Heat,1995,"Action, Crime, Drama",Michael Mann,English,USA,170,60000000,187400000
Casino,1995,"Crime, Drama",Martin Scorsese,English,USA,178,52000000,116100000
Unforgiven,1992,"Drama, Western",Clint Eastwood,English,USA,130,14400000,159200000
Fargo,1996,"Crime, Drama, Thriller","Joel Coen, Ethan Coen",English,USA,98,7000000,60600000
Trainspotting,1996,Drama,Danny Boyle,English,UK,93,1500000,72000000
The Truman Show,1998,"Comedy, Drama",Peter Weir,English,USA,103,60000000,264100000
American History X,1998,"Crime, Drama",Tony Kaye,English,USA,119,20000000,23900000
Donnie Brasco,1997,"Biography, Crime, Drama",Mike Newell,English,USA,127,35000000,124900000
Boogie Nights,1997,Drama,Paul Thomas Anderson,English,USA,155,15000000,43100000
Magnolia,1999,Drama,Paul Thomas Anderson,English,USA,188,37000000,48500000
Eyes Wide Shut,1999,"Drama, Mystery, Thriller",Stanley Kubrick,English,USA,159,65000000,162200000
Groundhog Day,1993,"Comedy, Drama, Fantasy",Harold Ramis,English,USA,101,14600000,70900000
Jerry Maguire,1996,"Comedy, Drama, Romance",Cameron Crowe,English,USA,139,50000000,273600000
Clueless,1995,"Comedy, Romance",Amy Heckerling,English,USA,97,12000000,56600000
Office Space,1999,Comedy,Mike Judge,English,USA,89,10000000,12200000
Rushmore,1998,"Comedy, Drama",Wes Anderson,English,USA,93,9000000,17100000
Being John Malkovich,1999,"Comedy, Drama, Fantasy",Spike Jonze,English,USA,113,13000000,32400000
"Lock, Stock and Two Smoking Barrels",1998,"Action, Comedy, Crime",Guy Ritchie,English,UK,107,1350000,28100000
Snatch,2000,"Comedy, Crime",Guy Ritchie,English,UK,104,10000000,83600000
The Big Lebowski,1998,"Comedy, Crime","Joel Coen, Ethan Coen",English,USA,117,15000000,46700000
The Usual Suspects,1995,"Crime, Mystery, Thriller",Bryan Singer,English,USA,106,6000000,34400000
L.A. Confidential,1997,"Crime, Drama, Mystery",Curtis Hanson,English,USA,138,35000000,126200000
The Shawshank Redemption,1994,Drama,Frank Darabont,English,USA,142,25000000,28300000
Citizen Kane,1941,"Drama, Mystery",Orson Welles,English,USA,119,839727,1585634
Casablanca,1942,"Drama, Romance, War",Michael Curtiz,English,USA,102,1039000,3700000
12 Angry Men,1957,Drama,Sidney Lumet,English,USA,96,350000,1000000
Psycho,1960,"Horror, Mystery, Thriller",Alfred Hitchcock,English,USA,109,806947,50000000
The Godfather,1972,"Crime, Drama",Francis Ford Coppola,English,USA,175,6000000,246120974
Star Wars,1977,"Action, Adventure, Fantasy",George Lucas,English,USA,121,11000000,775398007
E.T. the Extra-Terrestrial,1982,"Family, Sci-Fi",Steven Spielberg,English,USA,115,10500000,792910554
The Lord of the Rings: The Fellowship of the Ring,2001,"Adventure, Drama, Fantasy",Peter Jackson,English,New Zealand,178,93000000,897690072
Drive My Car,2021,Drama,Ryûsuke Hamaguchi,Japanese,Japan,179,5000000,14600000
Spencer,2021,"Biography, Drama",Pablo Larraín,English,UK,117,18000000,23000000
Life Is Beautiful,1997,Comedy-Drama,Roberto Benigni,Italian,Italy,116,20000000,230000000
Cinema Paradiso,1988,Drama,Giuseppe Tornatore,Italian,Italy,155,5000000,12400000
Blue Is the Warmest Color,2013,Romantic Drama,Abdellatif Kechiche,French,France,180,4000000,19500000
Run Lola Run,1998,Thriller,Tom Tykwer,German,Germany,80,1750000,22900000
Dogtooth,2009,Drama,Yorgos Lanthimos,Greek,Greece,94,250000,1500000
Melancholia,2011,"Drama, Sci-Fi",Lars von Trier,Danish,Denmark,135,7400000,15946892
Underground,1995,Comedy-Drama,Emir Kusturica,Serbian,Serbia,170,12000000,17200000
The Great Beauty,2013,Drama,Paolo Sorrentino,Italian,Italy,141,9200000,24200000
Ida,2013,Drama,Pawe? Pawlikowski,Polish,Poland,82,2500000,15300000
Son of Saul,2015,Drama,László Nemes,Hungarian,Hungary,107,1500000,9000000
Cold War,2018,Romantic Drama,Pawe? Pawlikowski,Polish,Poland,89,4300000,20500000
Portrait of a Lady on Fire,2019,Romantic Drama,Céline Sciamma,French,France,122,4800000,10000000
The Piano,1993,"Drama, Romance",Jane Campion,English,New Zealand,121,7000000,40000000
Europa Europa,1990,"Drama, War",Agnieszka Holland,German,Poland,112,5000000,5300000
The White Ribbon,2009,"Drama, Mystery",Michael Haneke,German,Germany,144,15000000,19000000
Antichrist,2009,"Horror, Drama",Lars von Trier,Danish,Denmark,108,11200000,8000000
The Hunt,2012,"Drama, Thriller",Thomas Vinterberg,Danish,Denmark,115,3500000,10500000
The Lobster,2015,"Drama, Romance",Yorgos Lanthimos,English,Greece,119,4000000,9000000
Happy as Lazzaro,2018,"Drama, Fantasy",Alice Rohrwacher,Italian,Italy,125,3000000,6000000
Toni Erdmann,2016,"Comedy, Drama",Maren Ade,German,Germany,162,3800000,7700000
I Am Love,2009,"Drama, Romance",Luca Guadagnino,Italian,Italy,120,10000000,11000000
Wild Tales,2014,"Comedy, Drama",Damián Szifron,Spanish,Argentina,122,4000000,28000000
Volver,2006,"Comedy, Drama",Pedro Almodóvar,Spanish,Spain,121,11000000,85000000
All About My Mother,1999,Drama,Pedro Almodóvar,Spanish,Spain,101,8000000,67000000
Talk to Her,2002,"Drama, Romance",Pedro Almodóvar,Spanish,Spain,112,10000000,51000000
Pain and Glory,2019,Drama,Pedro Almodóvar,Spanish,Spain,113,11300000,37800000
Biutiful,2010,Drama,Alejandro G. Iñárritu,Spanish,Mexico,148,15000000,25000000
No Man’s Land,2001,"Drama, War",Danis Tanovi?,Bosnian,Bosnia,98,900000,9000000
La Haine,1995,Crime Drama,Mathieu Kassovitz,French,France,98,2800000,15100000
Elle,2016,Thriller,Paul Verhoeven,French,France,130,9500000,12000000
Goodbye Lenin!,2003,"Comedy, Drama",Wolfgang Becker,German,Germany,121,6000000,67000000
The Class,2008,Drama,Laurent Cantet,French,France,128,2600000,28000000
Vicky Cristina Barcelona,2008,"Comedy, Drama",Woody Allen,English,Spain,96,15000000,96600000
Midnight in Paris,2011,"Comedy, Romance",Woody Allen,English,France,94,17000000,151000000
The Illusionist,2010,"Animation, Drama",Sylvain Chomet,French,France,80,6000000,1800000
Persepolis,2007,"Animation, Drama","Marjane Satrapi, Vincent Paronnaud",French,France,96,7500000,22000000
The Red Turtle,2016,"Animation, Fantasy",Michaël Dudok de Wit,None,France,80,12000000,11000000
Wings of Desire,1987,"Drama, Fantasy",Wim Wenders,German,Germany,128,2000000,4000000
Breathless,1960,"Drama, Romance",Jean-Luc Godard,French,France,90,400000,2000000
The 400 Blows,1959,Drama,François Truffaut,French,France,99,75000,1700000
Jules and Jim,1962,"Drama, Romance",François Truffaut,French,France,105,500000,8000000
The Conformist,1970,"Drama, Thriller",Bernardo Bertolucci,Italian,Italy,113,750000,1500000
8½,1963,"Drama, Fantasy",Federico Fellini,Italian,Italy,138,850000,3200000
La Dolce Vita,1960,"Comedy, Drama",Federico Fellini,Italian,Italy,174,1000000,19000000
The Seventh Seal,1957,"Drama, Fantasy",Ingmar Bergman,Sweden,Sweden,96,150000,1000000
Persona,1966,Drama,Ingmar Bergman,Sweden,Sweden,83,200000,1200000
Scenes from a Marriage,1973,Drama,Ingmar Bergman,Sweden,Sweden,167,200000,2000000
Fanny and Alexander,1982,Drama,Ingmar Bergman,Sweden,Sweden,188,6000000,6500000
The Double Life of Veronique,1991,"Drama, Fantasy",Krzysztof Kie?lowski,French,France,98,2400000,2000000
Three Colors: Red,1994,"Drama, Mystery",Krzysztof Kie?lowski,French,France,99,3200000,14000000
Three Colors: Blue,1993,"Drama, Music",Krzysztof Kie?lowski,French,France,98,3000000,8000000
Three Colors: White,1994,"Comedy, Drama",Krzysztof Kie?lowski,French,France,92,2000000,5400000
Bicycle Thieves,1948,Drama,Vittorio De Sica,Italian,Italy,89,133000,4000000
The Leopard,1963,"Drama, History",Luchino Visconti,Italian,Italy,185,3000000,6000000
"Yesterday, Today and Tomorrow",1963,"Comedy, Romance",Vittorio De Sica,Italian,Italy,119,800000,12000000
Andrei Rublev,1966,"Biography, Drama",Andrei Tarkovsky,Russian,Russia,205,1500000,2000000
Solaris,1972,"Drama, Sci-Fi",Andrei Tarkovsky,Russian,Russia,167,1000000,5000000
Stalker,1979,"Drama, Sci-Fi",Andrei Tarkovsky,Russian,Russia,163,1000000,4000000
The Girl with the Dragon Tattoo,2009,"Crime, Drama, Mystery",Niels Arden Oplev,Sweden,Sweden,152,13000000,104000000
Good Bye Lenin!,2003,"Comedy, Drama",Wolfgang Becker,German,Germany,121,6000000,67000000
A Very Long Engagement,2004,"Drama, Mystery, Romance",Jean-Pierre Jeunet,French,France,133,56600000,69400000
The Chorus,2004,"Drama, Music",Christophe Barratier,French,France,97,5500000,83600000
Force Majeure,2014,"Comedy, Drama",Ruben Östlund,Sweden,Sweden,120,4500000,8100000
A Royal Affair,2012,"Biography, Drama, History",Nikolaj Arcel,Danish,Denmark,137,8000000,14700000
Pelle the Conqueror,1987,Drama,Bille August,Danish,Denmark,157,4500000,6000000
The Celebration,1998,Drama,Thomas Vinterberg,Danish,Denmark,105,1300000,1600000
The Umbrellas of Cherbourg,1964,"Drama, Musical",Jacques Demy,French,France,91,400000,1200000
Belle de Jour,1967,Drama,Luis Buñuel,French,France,100,500000,20200000
The Discreet Charm of the Bourgeoisie,1972,"Comedy, Drama",Luis Buñuel,French,France,102,800000,2000000
The Battle of Algiers,1966,"Drama, War",Gillo Pontecorvo,French,Italy,121,800000,1000000
L'Avventura,1960,"Drama, Mystery",Michelangelo Antonioni,Italian,Italy,143,400000,1000000
The Spirit of the Beehive,1973,Drama,Víctor Erice,Spanish,Spain,98,500000,1000000
The Exterminating Angel,1962,"Drama, Fantasy",Luis Buñuel,Spanish,Mexico,95,500000,1000000
The Cranes Are Flying,1957,"Drama, Romance",Mikhail Kalatozov,Russian,Russia,97,500000,1000000
The Ascent,1977,"Drama, War",Larisa Shepitko,Russian,Russia,111,500000,1000000
The Firemen's Ball,1967,"Comedy, Drama",Miloš Forman,Czech,Czechoslovakia,71,500000,1000000
Closely Watched Trains,1966,"Comedy, Drama",Ji?í Menzel,Czech,Czechoslovakia,93,750000,1500000
Daisies,1966,"Comedy, Drama",V?ra Chytilová,Czech,Czechoslovakia,74,400000,1000000
Marketa Lazarová,1967,"Drama, History",František Vlá?il,Czech,Czechoslovakia,162,750000,1000000
Ashes and Diamonds,1958,"Drama, War",Andrzej Wajda,Polish,Poland,103,500000,1000000
Man of Marble,1977,Drama,Andrzej Wajda,Polish,Poland,165,600000,1200000
Man of Iron,1981,Drama,Andrzej Wajda,Polish,Poland,153,1000000,2000000
The Saragossa Manuscript,1965,"Adventure, Drama",Wojciech Has,Polish,Poland,182,800000,1500000
Knife in the Water,1962,"Drama, Thriller",Roman Polanski,Polish,Poland,94,100000,500000
Ivan's Childhood,1962,"Drama, War",Andrei Tarkovsky,Russian,Russia,95,300000,700000
The Mirror,1975,"Biography, Drama",Andrei Tarkovsky,Russian,Russia,107,1000000,2500000
The Color of Pomegranates,1969,"Biography, Drama",Sergei Parajanov,Armenian,USSR,79,400000,1000000
Come and See,1985,"Drama, War",Elem Klimov,Russian,USSR,142,900000,1800000
Battleship Potemkin,1925,"Drama, History",Sergei Eisenstein,Silent,USSR,75,200000,500000
Man with a Movie Camera,1929,"Documentary, Avant-Garde",Dziga Vertov,Silent,USSR,68,150000,300000
The Phantom of Liberty,1974,"Comedy, Drama",Luis Buñuel,French,France,104,500000,1200000
Viridiana,1961,Drama,Luis Buñuel,Spanish,Spain,90,500000,1000000
L'Age d'Or,1930,"Comedy, Drama",Luis Buñuel,Silent,France,63,400000,800000
Z,1969,"Crime, Drama",Costa-Gavras,French,France,127,800000,3000000
The Wages of Fear,1953,"Adventure, Drama",Henri-Georges Clouzot,French,France,131,600000,2000000
Diabolique,1955,"Crime, Drama",Henri-Georges Clouzot,French,France,114,750000,1800000
La Grande Illusion,1937,"Drama, War",Jean Renoir,French,France,114,500000,1500000
The Rules of the Game,1939,"Comedy, Drama",Jean Renoir,French,France,110,1000000,3000000
The Earrings of Madame de...,1953,"Drama, Romance",Max Ophüls,French,France,100,450000,1000000
The Life and Death of Colonel Blimp,1943,"Drama, Romance","Michael Powell, Emeric Pressburger",English,UK,163,1200000,2500000
The Red Shoes,1948,"Drama, Music","Michael Powell, Emeric Pressburger",English,UK,133,1000000,5000000
Black Narcissus,1947,"Drama, Romance","Michael Powell, Emeric Pressburger",English,UK,100,1000000,4500000
A Matter of Life and Death,1946,"Drama, Fantasy","Michael Powell, Emeric Pressburger",English,UK,104,1200000,2800000
Brief Encounter,1945,"Drama, Romance",David Lean,English,UK,86,500000,1200000
Lawrence of Arabia,1962,"Biography, Drama",David Lean,English,UK,222,15000000,70000000
The Bridge on the River Kwai,1957,"Adventure, Drama",David Lean,English,UK,161,2800000,30600000
Doctor Zhivago,1965,"Drama, Romance",David Lean,English,UK,197,15000000,111700000
Oliver!,1968,"Drama, Family",Carol Reed,English,UK,153,10000000,77400000
Great Expectations,1946,"Drama, Romance",David Lean,English,UK,118,900000,2000000
A Man for All Seasons,1966,"Biography, Drama",Fred Zinnemann,English,UK,120,2000000,28400000
The Third Man,1949,"Film-Noir, Thriller",Carol Reed,English,UK,93,750000,3000000
Barry Lyndon,1975,"Drama, History",Stanley Kubrick,English,UK,185,11000000,20000000
A Clockwork Orange,1971,"Crime, Drama",Stanley Kubrick,English,UK,136,2200000,26600000
The Killing Fields,1984,"Biography, Drama",Roland Joffé,English,UK,141,14400000,34700000
The Long Good Friday,1980,"Crime, Drama",John Mackenzie,English,UK,114,930000,5000000
Kes,1969,Drama,Ken Loach,English,UK,111,200000,2000000
The Wind That Shakes the Barley,2006,"Drama, War",Ken Loach,English,UK,127,6500000,23000000
Secrets & Lies,1996,Drama,Mike Leigh,English,UK,142,4500000,13400000
Naked,1993,Drama,Mike Leigh,English,UK,132,1200000,3200000
The Full Monty,1997,"Comedy, Drama",Peter Cattaneo,English,UK,91,3500000,258000000
Billy Elliot,2000,"Drama, Music",Stephen Daldry,English,UK,110,5000000,109000000
127 Hours,2010,"Biography, Drama",Danny Boyle,English,UK,94,18000000,60700000
The Queen,2006,"Biography, Drama",Stephen Frears,English,UK,103,15000000,123000000
Philomena,2013,"Biography, Drama",Stephen Frears,English,UK,98,12000000,100100000
The Crying Game,1992,"Crime, Drama",Neil Jordan,English,UK,112,3000000,62500000
Brooklyn,2015,"Drama, Romance",John Crowley,English,UK,117,11000000,62100000
My Left Foot,1989,"Biography, Drama",Jim Sheridan,English,Ireland,103,600000,14700000
The Commitments,1991,"Comedy, Drama",Alan Parker,English,Ireland,118,15000000,14919570
In the Name of the Father,1993,"Biography, Drama",Jim Sheridan,English,Ireland,133,13000000,65800000
Sing Street,2016,"Comedy, Drama, Music",John Carney,English,Ireland,106,4000000,13600000
The Secret of Kells,2009,"Animation, Adventure",Tomm Moore,English,Ireland,75,8000000,3000000
Song of the Sea,2014,"Animation, Adventure",Tomm Moore,English,Ireland,93,7500000,5700000
The Breadwinner,2017,"Animation, Drama",Nora Twomey,English,Ireland,94,10000000,4400000
The Man Who Fell to Earth,1976,"Sci-Fi, Drama",Nicolas Roeg,English,UK,139,1500000,5000000
The Wicker Man,1973,"Horror, Mystery",Robin Hardy,English,UK,88,500000,1000000
Don't Look Now,1973,"Drama, Horror",Nicolas Roeg,English,UK,110,1100000,1100000
The Killing of a Sacred Deer,2017,"Drama, Mystery",Yorgos Lanthimos,English,UK,121,4700000,7000000
Colette,2018,"Biography, Drama",Wash Westmoreland,English,UK,111,11000000,14000000
Before Sunrise,1995,"Drama, Romance",Richard Linklater,English,Austria,101,2500000,5500000
Before Sunset,2004,"Drama, Romance",Richard Linklater,English,Austria,80,2700000,16000000
Before Midnight,2013,"Drama, Romance",Richard Linklater,English,Greece,109,3000000,23000000
Corpus Christi,2019,Drama,Jan Komasa,Polish,Poland,115,1600000,10000000
The Shop on Main Street,1965,"Drama, War","Ján Kadár, Elmar Klos",Czech,Czechoslovakia,128,600000,1200000
The Handmaiden,2016,"Drama, Mystery",Park Chan-wook,Korean,South Korea,144,8800000,37800000
Memories of Murder,2003,"Crime, Thriller",Bong Joon-ho,Korean,South Korea,132,2800000,20000000
Mother,2009,"Drama, Mystery",Bong Joon-ho,Korean,South Korea,129,5000000,17200000
The Wailing,2016,"Drama, Horror",Na Hong-jin,Korean,South Korea,156,8000000,51300000
Train to Busan,2016,"Action, Horror",Yeon Sang-ho,Korean,South Korea,118,8500000,98500000
I Saw the Devil,2010,"Action, Thriller",Kim Jee-woon,Korean,South Korea,144,6000000,12900000
Burning,2018,"Drama, Mystery",Lee Chang-dong,Korean,South Korea,148,8000000,7500000
Snowpiercer,2013,"Action, Drama",Bong Joon-ho,English,South Korea,126,40000000,86800000
The Chaser,2008,"Action, Thriller",Na Hong-jin,Korean,South Korea,125,2600000,35800000
A Tale of Two Sisters,2003,"Drama, Horror",Kim Jee-woon,Korean,South Korea,114,3700000,1000000
"Spring, Summer, Fall, Winter... and Spring",2003,Drama,Kim Ki-duk,Korean,South Korea,103,1000000,9500000
Thirst,2009,"Drama, Horror",Park Chan-wook,Korean,South Korea,134,5000000,13000000
Joint Security Area,2000,"Drama, Thriller",Park Chan-wook,Korean,South Korea,110,2800000,16200000
"The Good, the Bad, the Weird",2008,"Action, Adventure",Kim Jee-woon,Korean,South Korea,139,10000000,44100000
Lady Vengeance,2005,"Crime, Drama",Park Chan-wook,Korean,South Korea,115,4500000,23800000
Peppermint Candy,1999,Drama,Lee Chang-dong,Korean,South Korea,129,1300000,800000
Oasis,2002,"Drama, Romance",Lee Chang-dong,Korean,South Korea,133,2500000,2000000
Sympathy for Mr. Vengeance,2002,"Action, Thriller",Park Chan-wook,Korean,South Korea,129,4000000,6000000
My Sassy Girl,2001,"Comedy, Romance",Kwak Jae-yong,Korean,South Korea,123,2800000,25000000
The Man from Nowhere,2010,"Action, Thriller",Lee Jeong-beom,Korean,South Korea,119,4000000,43000000
Silenced,2011,"Drama, Thriller",Hwang Dong-hyuk,Korean,South Korea,125,3000000,35000000
Poetry,2010,Drama,Lee Chang-dong,Korean,South Korea,139,1500000,2300000
The King and the Clown,2005,Drama,Lee Joon-ik,Korean,South Korea,119,4500000,72500000
A Taxi Driver,2017,"Drama, History",Jang Hoon,Korean,South Korea,137,13000000,88000000
Secret Sunshine,2007,Drama,Lee Chang-dong,Korean,South Korea,142,3000000,6300000
Haemoo,2014,"Drama, Thriller",Shim Sung-bo,Korean,South Korea,111,6500000,16000000
Welcome to Dongmakgol,2005,"Comedy, Drama",Park Kwang-hyun,Korean,South Korea,133,8000000,32000000
The President's Last Bang,2005,"Comedy, Drama",Im Sang-soo,Korean,South Korea,104,3000000,7300000
Memories of the Sword,2015,"Action, Drama",Park Heung-sik,Korean,South Korea,121,10000000,4600000
The Thieves,2012,"Action, Adventure",Choi Dong-hoon,Korean,South Korea,135,14000000,86000000
Assassination,2015,"Action, Drama",Choi Dong-hoon,Korean,South Korea,140,16000000,90000000
Along with the Gods: The Two Worlds,2017,"Fantasy, Drama",Kim Yong-hwa,Korean,South Korea,139,36000000,109000000
Along with the Gods: The Last 49 Days,2018,"Fantasy, Drama",Kim Yong-hwa,Korean,South Korea,141,36000000,92000000
Miss Granny,2014,"Comedy, Drama",Hwang Dong-hyuk,Korean,South Korea,124,3500000,58000000
Miracle in Cell No. 7,2013,"Drama, Comedy",Lee Hwan-kyung,Korean,South Korea,127,3000000,81800000
The Attorney,2013,Drama,Yang Woo-seok,Korean,South Korea,127,3000000,75000000
Extreme Job,2019,"Comedy, Action",Lee Byeong-heon,Korean,South Korea,111,5800000,120000000
Hope,2013,Drama,Lee Joon-ik,Korean,South Korea,123,3500000,12500000
Masquerade,2012,"Drama, History",Choo Chang-min,Korean,South Korea,131,9000000,83000000
The Fortress,2017,"Drama, History",Hwang Dong-hyuk,Korean,South Korea,140,12000000,15000000
Swing Kids,2018,"Drama, Music",Kang Hyeong-cheol,Korean,South Korea,133,8500000,14000000
The Battle: Roar to Victory,2019,"Action, Drama",Won Shin-yun,Korean,South Korea,134,15000000,20000000
The Age of Shadows,2016,"Action, Drama",Kim Jee-woon,Korean,South Korea,140,8600000,55000000
Forgotten,2017,"Mystery, Thriller",Jang Hang-jun,Korean,South Korea,108,3200000,11500000
Midnight Runners,2017,"Action, Comedy",Kim Joo-hwan,Korean,South Korea,109,5000000,56000000
1987: When the Day Comes,2017,"Drama, History",Jang Joon-hwan,Korean,South Korea,129,9000000,53000000
New World,2013,"Crime, Drama",Park Hoon-jung,Korean,South Korea,135,5000000,31000000
The Villainess,2017,"Action, Crime",Jung Byung-gil,Korean,South Korea,129,8000000,12000000
Tunnel,2016,"Drama, Thriller",Kim Seong-hun,Korean,South Korea,126,5500000,51000000
A Bittersweet Life,2005,"Action, Drama",Kim Jee-woon,Korean,South Korea,120,4000000,8000000
Hwayi: A Monster Boy,2013,"Action, Thriller",Jang Joon-hwan,Korean,South Korea,126,5500000,12000000
The Merciless,2017,"Action, Crime",Byun Sung-hyun,Korean,South Korea,117,7000000,12400000
The Divine Fury,2019,"Action, Horror",Kim Joo-hwan,Korean,South Korea,129,11000000,16000000
Vanishing Time: A Boy Who Returned,2016,"Drama, Fantasy",Um Tae-hwa,Korean,South Korea,129,4000000,7000000
The Call,2020,"Mystery, Thriller",Lee Chung-hyun,Korean,South Korea,112,9000000,1500000
Peninsula,2020,"Action, Horror",Yeon Sang-ho,Korean,South Korea,116,16000000,42000000
Alive,2020,"Drama, Horror",Cho Il-hyung,Korean,South Korea,98,6000000,13000000
Time to Hunt,2020,"Crime, Drama",Yoon Sung-hyun,Korean,South Korea,134,9000000,2500000
The Box,2021,"Drama, Music",Yang Jung-woong,Korean,South Korea,94,2000000,3500000
Deliver Us from Evil,2020,"Action, Thriller",Hong Won-chan,Korean,South Korea,108,10000000,34500000
Seobok,2021,"Action, Sci-Fi",Lee Yong-joo,Korean,South Korea,114,16000000,5300000
Night in Paradise,2020,"Crime, Drama",Park Hoon-jung,Korean,South Korea,131,6000000,1000000
No Mercy,2010,"Crime, Thriller",Kim Hyeong-jun,Korean,South Korea,125,4000000,9000000
Eungyo,2012,Drama,Jung Ji-woo,Korean,South Korea,129,3000000,8000000
The Admiral: Roaring Currents,2014,"Action, War",Kim Han-min,Korean,South Korea,126,18600000,138300000
Ode to My Father,2014,Drama,Yoon Je-kyoon,Korean,South Korea,126,14000000,105000000
Veteran,2015,"Action, Crime",Ryoo Seung-wan,Korean,South Korea,123,9300000,93200000
The Inbetweeners Movie,2011,Comedy,Ben Palmer,English,UK,97,5300000,88025781
Four Weddings and a Funeral,1994,"Comedy, Drama",Mike Newell,English,UK,117,4400000,245700832
The Best Exotic Marigold Hotel,2011,"Comedy, Drama",John Madden,English,UK,124,10000000,136836156
The Iron Lady,2011,"Biography, Drama",Phyllida Lloyd,English,UK,105,13000000,115890683
The Woman in Black,2012,"Drama, Horror",James Watkins,English,UK,95,15000000,127730736
The Fifth Element,1997,"Sci-Fi, Action",Luc Besson,English,France,126,99000000,289700000
Taken 2,2012,"Action, Thriller",Olivier Megaton,English,France,92,49500000,413800000
Lucy,2014,"Sci-Fi, Action",Luc Besson,English,France,89,44000000,509700000
Asterix & Obelix: Mission Cleopatra,2002,"Adventure, Comedy",Alain Chabat,French,France,107,55000000,140800000
The Professional,1981,"Action, Thriller",Georges Lautner,French,France,108,3300000,37400000
The Transporter,2002,"Action, Crime","Louis Leterrier, Corey Yuen",English,France,92,23100000,48300000
Quo Vado?,2016,Comedy,Gennaro Nunziante,Italian,Italy,86,10600000,69780000
Sole a catinelle,2013,Comedy,Gennaro Nunziante,Italian,Italy,90,8480000,54936000
Che bella giornata,2011,Comedy,Gennaro Nunziante,Italian,Italy,97,5300000,46872000
La vita è bella,1997,"Comedy, Drama",Roberto Benigni,Italian,Italy,116,21200000,51820000
Tolo Tolo,2020,Comedy,Checco Zalone,Italian,Italy,90,21200000,48840000
Benvenuti al Sud,2010,Comedy,Luca Miniero,Italian,Italy,102,3180000,31796000
Benvenuti al Nord,2012,Comedy,Luca Miniero,Italian,Italy,110,3180000,28836000
Perfetti sconosciuti,2016,"Comedy, Drama",Paolo Genovese,Italian,Italy,97,3710000,18348000
Il ciclone,1996,Comedy,Leonardo Pieraccioni,Italian,Italy,95,5300000,21200000
La grande bellezza,2013,Drama,Paolo Sorrentino,Italian,Italy,141,9768000,25632000
Three Seconds (Dvizhenie Vverkh),2017,Sports Drama,Anton Megerdichev,Russian,Russia,133,11000000,54000000
Stalingrad,2013,War Drama,Fedor Bondarchuk,Russian,Russia,131,30000000,68000000
Ice (Lyod),2018,Romantic Drama,Oleg Trofim,Russian,Russia,113,2000000,26400000
T-34,2018,War Drama,Alexey Sidorov,Russian,Russia,139,10000000,37000000
The Last Warrior (Posledniy Bogatyr),2017,"Fantasy, Comedy",Dmitriy Dyachenko,Russian,Russia,114,8000000,30000000
Kiss Them All! (Gorko!),2013,Comedy,Zhora Kryzhovnikov,Russian,Russia,100,1500000,27300000
Viking,2016,Historical Drama,Andrey Kravchuk,Russian,Russia,133,20000000,25000000
Legend No. 17 (Legenda No. 17),2013,Sports Drama,Nikolay Lebedev,Russian,Russia,134,10000000,29000000
Flight Crew (Ekipazh),2016,"Action, Drama",Nikolay Lebedev,Russian,Russia,138,10000000,27000000
Ghost (Prizrak),2015,"Comedy, Fantasy",Aleksandr Voytinskiy,Russian,Russia,116,5000000,12000000
Manitou's Shoe (Der Schuh des Manitu),2001,Comedy,Michael Herbig,German,Germany,87,5000000,71500000
Dreamship Surprise – Period 1 (Traumschiff Surprise – Periode 1),2004,"Comedy, Sci-Fi",Michael Herbig,German,Germany,87,10400000,53900000
Suck Me Shakespeer (Fack ju Göhte),2013,Comedy,Bora Dagtekin,German,Germany,118,5500000,66000000
Suck Me Shakespeer 2 (Fack ju Göhte 2),2015,Comedy,Bora Dagtekin,German,Germany,115,7700000,71500000
Head Full of Honey (Honig im Kopf),2014,"Comedy, Drama",Til Schweiger,German,Germany,139,6200000,60500000
Rabbit Without Ears (Keinohrhasen),2007,"Comedy, Romance",Til Schweiger,German,Germany,116,5500000,81400000
Rabbit Without Ears 2 (Zweiohrküken),2009,"Comedy, Romance",Til Schweiger,German,Germany,124,7100000,47000000
Downfall (Der Untergang),2004,"Drama, History",Oliver Hirschbiegel,German,Germany,156,14700000,32600000
Perfume: The Story of a Murderer (Das Parfum – Die Geschichte eines Mörders),2006,"Crime, Drama",Tom Tykwer,German,Germany,147,54500000,147000000
"Good Bye, Lenin!",2003,"Comedy, Drama",Wolfgang Becker,German,Germany,121,5200000,35200000
Metropolis,1927,"Sci-Fi, Drama",Fritz Lang,German,Germany,153,1200000,2000000
The Cabinet of Dr. Caligari,1920,"Horror, Mystery",Robert Wiene,German,Germany,71,18000,200000
M,1931,"Crime, Thriller",Fritz Lang,German,Germany,117,150000,500000
The Bridge,1959,"War, Drama",Bernhard Wicki,German,Germany,103,1000000,3000000
"Aguirre, The Wrath of God",1972,"Adventure, Drama",Werner Herzog,German,Germany,95,370000,2500000
The Marriage of Maria Braun,1979,Drama,Rainer Werner Fassbinder,German,Germany,120,2000000,5000000
Das Boot,1981,"War, Drama",Wolfgang Petersen,German,Germany,149,18500000,85000000
The Baader Meinhof Complex,2008,"Drama, History",Uli Edel,German,Germany,150,20000000,30000000
The Wave,2008,"Drama, Thriller",Dennis Gansel,German,Germany,107,5000000,15000000
Victoria,2015,"Crime, Drama",Sebastian Schipper,German,Germany,138,2000000,6000000
Oh Boy,2012,"Comedy, Drama",Jan-Ole Gerster,German,Germany,83,600000,2500000
Phoenix,2014,"Drama, Mystery",Christian Petzold,German,Germany,98,1700000,4200000
Barbara,2012,"Drama, History",Christian Petzold,German,Germany,105,2000000,4000000
The Edukators,2004,"Drama, Crime",Hans Weingartner,German,Germany,127,2000000,7000000
Downfall,2004,"Drama, History",Oliver Hirschbiegel,German,Germany,156,14700000,32600000
Burnt by the Sun,1994,"Drama, History",Nikita Mikhalkov,Russian,Russia,135,2800000,2000000
Brother,1997,"Action, Crime",Aleksei Balabanov,Russian,Russia,96,10000,1000000
The Return,2003,"Drama, Mystery",Andrey Zvyagintsev,Russian,Russia,110,400000,4500000
Night Watch,2004,"Action, Fantasy",Timur Bekmambetov,Russian,Russia,114,4200000,16700000
The Island,2006,Drama,Pavel Lungin,Russian,Russia,112,2500000,1500000
Leviathan,2014,Drama,Andrey Zvyagintsev,Russian,Russia,140,7000000,3000000
Loveless,2017,Drama,Andrey Zvyagintsev,Russian,Russia,127,4000000,2000000
The Fool,2014,"Drama, Thriller",Yuriy Bykov,Russian,Russia,116,1000000,500000
Hard to Be a God,2013,"Drama, Sci-Fi",Aleksei German,Russian,Russia,177,7000000,300000
The Banishment,2007,"Drama, Mystery",Andrey Zvyagintsev,Russian,Russia,157,2500000,1000000
How I Ended This Summer,2010,"Drama, Thriller",Aleksei Popogrebsky,Russian,Russia,130,2000000,1000000
The Edge,2010,"Drama, History",Aleksei Uchitel,Russian,Russia,124,5000000,2000000
The Geographer Drank His Globe Away,2013,"Drama, Comedy",Alexander Veledinsky,Russian,Russia,120,2000000,1500000
Beanpole,2019,"Drama, War",Kantemir Balagov,Russian,Russia,137,2000000,500000
12,2007,"Drama, Crime",Nikita Mikhalkov,Russian,Russia,159,2500000,10000000
White Tiger,2012,"War, Mystery",Karen Shakhnazarov,Russian,Russia,104,7000000,1000000
The Postman's White Nights,2014,Drama,Andrei Konchalovsky,Russian,Russia,101,1000000,250000
Union of Salvation,2019,"Historical, Drama",Andrey Kravchuk,Russian,Russia,136,8000000,5500000
Snow Queen,2012,"Animation, Adventure","Vladlen Barbe, Maksim Sveshnikov",Russian,Russia,76,7000000,14000000
The Black Monk,2021,Drama,Ivan Bolotnikov,Russian,Russia,100,1000000,200000
Sparta,2018,"Action, Drama",Nikolay Lebedev,Russian,Russia,90,2500000,3500000
The Dawns Here Are Quiet,2015,"Drama, War",Renat Davletyarov,Russian,Russia,120,3500000,1200000
Ice 2,2020,"Romance, Drama",Zhora Kryzhovnikov,Russian,Russia,123,5000000,23000000
The House of Sun,2010,"Drama, Music",Garik Sukachov,Russian,Russia,120,2000000,1000000
Prisoner of the Mountains,1996,"Drama, War",Sergei Bodrov,Russian,Russia,99,2500000,3500000
The Barber of Siberia,1998,"Comedy, Drama",Nikita Mikhalkov,Russian,Russia,180,35000000,30000000
The War,2002,"Action, Drama",Aleksei Balabanov,Russian,Russia,120,1200000,2000000
Sputnik,2020,"Sci-Fi, Horror",Egor Abramenko,Russian,Russia,113,2600000,700000
Spacewalker,2017,"Adventure, Drama",Dmitriy Kiselev,Russian,Russia,140,9000000,20000000
The Ninth,2019,"Mystery, Thriller",Nikolay Khomeriki,Russian,Russia,99,4000000,3000000
Panfilov's 28 Men,2016,"Action, War","Kim Druzhinin, Andrey Shalopa",Russian,Russia,105,1700000,4000000
Silver Skates,2020,"Drama, Romance",Michael Lockshin,Russian,Russia,136,6000000,1000000
The Duelist,2016,"Action, Drama",Aleksei Mizgirev,Russian,Russia,109,11000000,7500000
Sobibor,2018,"Drama, War",Konstantin Khabenskiy,Russian,Russia,110,6500000,5000000
Furious,2017,"Action, Fantasy","Dzhanik Fayziev, Ivan Shurkhovetskiy",Russian,Russia,117,13000000,20000000
The Nutcracker and the Rat King,2010,"Family, Fantasy",Andrei Konchalovsky,Russian,Russia,110,90000000,20000000
Paradise,2016,"Drama, History",Andrei Konchalovsky,Russian,Russia,130,3000000,1500000
The End of a Great Era,2015,"Drama, Biography",Stanislav Govorukhin,Russian,Russia,98,2000000,500000
Scythian,2018,"Action, Adventure",Rustam Mosafir,Russian,Russia,105,4000000,5500000
Chernobyl: Abyss,2021,"Drama, History",Danila Kozlovsky,Russian,Russia,136,8000000,1500000
Gogol. The Beginning,2017,"Mystery, Thriller",Egor Baranov,Russian,Russia,100,2800000,5000000
Serf,2019,Comedy,Klim Shipenko,Russian,Russia,108,5000000,unknown
